{
  "w1": 0.999999677477676,
  "w2": 0.9999995663148474,
  "bias": 0.00014855218012006056
}